Parameter,Value
MSE,0.2733333333333333
MAE,0.2733333333333333
R-SQUARED,-0.09411136808397091
RMSE,0.5228129047119374
ACCURACY,0.7266666666666667
