Parameter,Value
MSE,0.29333333333333333
MAE,0.29333333333333333
R-SQUARED,-0.17416829745596885
RMSE,0.5416025603090641
ACCURACY,0.7066666666666667
