Parameter,Value
MSE,0.21568627450980393
MAE,0.21568627450980393
R-SQUARED,0.13692307692307681
RMSE,0.464420364012824
ACCURACY,0.7843137254901961
