Parameter,Value
MSE,0.32666666666666666
MAE,0.32666666666666666
R-SQUARED,-0.3103940096273845
RMSE,0.5715476066494082
ACCURACY,0.6733333333333333
