Parameter,Value
MSE,0.26
MAE,0.26
R-SQUARED,-0.05196907031109532
RMSE,0.5099019513592785
ACCURACY,0.74
